word,score,sentiment
abadi,5,pos
absen,-3,neg
abu-abu,-1,neg
acuh,4,pos
adil,5,pos
aduh,-2,neg
agresi,-5,neg
aib,-5,neg
ajaib,3,pos
ajar,4,pos
akal,4,pos
alasan,-2,neg
alibi,-4,neg
alien,-1,neg
aman,4,pos
ambigu,-3,neg
ambisi,-2,neg
amoral,-5,neg
anarki,-5,neg
anarkis,-5,neg
ancaman,-5,neg
aneh,-2,neg
anggun,4,pos
angkuh,-5,neg
anjing,-4,neg
anomali,-3,neg
antagoni,-4,neg
anti-sosial,-4,neg
antipati,-5,neg
apes,-4,neg
api,-1,neg
arogan,-5,neg
asam,-1,neg
asap,-2,neg
asing,-4,neg
asli,4,pos
asmara,4,pos
astaga,-5,neg
asyik,4,pos
autentik,4,pos
aversi,-4,neg
awas,-4,neg
awur,-4,neg
ayam,1,pos
ayu,4,pos
azab,-5,neg
babu,-5,neg
bacot,-5,neg
badai,-4,neg
badut,-2,neg
bagus,4,pos
bahagia,4,pos
bahaya,-4,neg
baik,4,pos
bail,-2,neg
bajingan,-5,neg
bakat,3,pos
banci,-4,neg
bandel,-4,neg
bandit,-4,neg
bangga,4,pos
bangkrut,-5,neg
banjir,-4,neg
barbari,-5,neg
basi,-4,neg
batu,-1,neg
bau,-4,neg
baut,1,pos
bawaan,-1,neg
bawah,-1,neg
bayaran,-3,neg
beban,-2,neg
bego,-5,neg
bekas,-4,neg
bekicot,-4,neg
belahan,-1,neg
benar,4,pos
bencana,-4,neg
benci,-5,neg
bencong,-5,neg
bendahara,-1,neg
bengkok,-2,neg
bening,3,pos
bentrok,-4,neg
beradab,5,pos
beradaptasi,4,pos
beragam,4,pos
berani,4,pos
berantakan,-4,neg
berapi-api,1,pos
berarti,3,pos
berat,-2,neg
berbagi,5,pos
berbahaya,-4,neg
berbakat,5,pos
berbalik,1,pos
berbaring,1,pos
berbeda,1,pos
berbisa,-4,neg
berbohong,-5,neg
berbuih,-1,neg
bercanda,3,pos
bercinta,4,pos
berdalih,-3,neg
berdarah,-2,neg
berdaya,4,pos
berdetak,1,pos
berdosa,-4,neg
berduka,-4,neg
berduri,-2,neg
bergembira,4,pos
bergeming,-1,neg
bergerak,4,pos
bergulat,-2,neg
bergumam,1,pos
berguna,4,pos
berharap,-1,neg
berharga,4,pos
berhasil,5,pos
berhenti,-1,neg
berisiko,-2,neg
berjanji,-1,neg
berjuang,4,pos
berjudi,-5,neg
berkabung,-3,neg
berkaca,-4,neg
berkarat,-3,neg
berkat,3,pos
berkelas,4,pos
berkeliaran,-4,neg
berkonspirasi,-5,neg
berkualitas,4,pos
berkubang,-2,neg
berkurang,-2,neg
berlagak,-4,neg
berlebihan,-4,neg
berlumpur,-1,neg
bermain,3,pos
bermain-main,-3,neg
bermartabat,4,pos
bermegah,-3,neg
bermoral,5,pos
bermusuhan,-4,neg
bernafsu,-3,neg
bernilai,4,pos
bernyawa,4,pos
berongga,-1,neg
berpendapat,4,pos
berpengaruh,3,pos
berperang,-4,neg
berprestasi,4,pos
berpura-pura,-4,neg
bersaing,1,pos
bersalah,-3,neg
bersantai,-1,neg
bersedih,-2,neg
berselisih,-4,neg
bersemangat,4,pos
bersenjata,-2,neg
berserakan,-4,neg
bersih,5,pos
bersukacita,4,pos
bersumpah,-1,neg
bertabrakan,-2,neg
bertengkar,-4,neg
bertentangan,-2,neg
berturut-turut,-1,neg
berubah-ubah,-1,neg
beruntung,4,pos
berutang,-2,neg
besar,3,pos
betah,3,pos
betul,4,pos
biasa,-2,neg
biaya,-2,neg
bijak,4,pos
bijaksana,5,pos
bilangnya,-2,neg
binasa,-4,neg
binatang,-2,neg
bingung,-3,neg
bisanya,-2,neg
blah,-3,neg
blok,-1,neg
blokir,-4,neg
bloon,-4,neg
blunder,-3,neg
bocor,-3,neg
bodoh,-4,neg
bolos,-4,neg
bom,-4,neg
bonus,3,pos
boros,-4,neg
bosan,-4,neg
brengsek,-5,neg
brillian,5,pos
brutal,-4,neg
buang,-3,neg
buangan,-4,neg
buas,-3,neg
buatan,-2,neg
budek,-4,neg
buktikan,2,pos
bulu,-1,neg
bundaran,1,pos
bunga,4,pos
buntung,-2,neg
buritan,-1,neg
buronan,-4,neg
buruan,-3,neg
buruk,-4,neg
buruknya,-4,neg
busuk,-5,neg
buta,-2,neg
cabul,-5,neg
cacat,-4,neg
cambuk,-1,neg
canggung,-2,neg
cantik,5,pos
cantiknya,4,pos
cawe-cawe,-2,neg
cedera,-2,neg
cekcok,-4,neg
cekikikan,-3,neg
celaan,-4,neg
celaka,-4,neg
celakalah,-5,neg
celoteh,-1,neg
cemas,-3,neg
cemberut,-3,neg
cemburu,-3,neg
cemerlang,4,pos
cemoohan,-4,neg
cepat,4,pos
cerah,4,pos
cercaan,-4,neg
cerdas,5,pos
cerdik,4,pos
ceria,4,pos
ceroboh,-4,neg
cetar,3,pos
cinta,5,pos
cium,3,pos
cobaan,-3,neg
cocok,3,pos
cong,-4,neg
congor,-5,neg
corong,1,pos
cukup,3,pos
cuma,-2,neg
curang,-4,neg
cute,5,pos
dahsyat,4,pos
damai,5,pos
dangkal,-2,neg
dara,3,pos
darurat,-2,neg
dasar,-1,neg
defensif,-3,neg
defisit,-3,neg
delusi,-3,neg
delusional,-4,neg
demam,-3,neg
dendam,-5,neg
dengki,-4,neg
dewasa,4,pos
diakui,3,pos
diam,-1,neg
dibatalkan,-3,neg
dibebaskan,4,pos
dibenarkan,3,pos
dibodohi,-3,neg
dibubarkan,-3,neg
dicemburui,2,pos
dicintai,4,pos
diculik,-4,neg
dicuri,-4,neg
didukung,4,pos
dihapus,-3,neg
dihargai,4,pos
dihindari,-4,neg
dihormati,3,pos
diinginkan,4,pos
dijelaskan,4,pos
dikagumi,4,pos
dikenakan,-2,neg
diktator,-4,neg
dilanda,-3,neg
dilema,-3,neg
dilihatnya,1,pos
dimainkan,1,pos
dimanjakan,-3,neg
dinamis,4,pos
dingin,-1,neg
dinyalakan,1,pos
dipecat,-4,neg
dipercaya,4,pos
diperdebatkan,-3,neg
diperparah,-4,neg
dipertanyakan,-2,neg
dipikirkan,2,pos
dipilih,3,pos
dipotong,-1,neg
dipuji,3,pos
dipukuli,-4,neg
diragukan,-3,neg
dirampas,-5,neg
dirugikan,-4,neg
disayangkan,-3,neg
diskriminasi,-5,neg
disukai,3,pos
ditendang,-4,neg
ditindas,-4,neg
ditunggu,-1,neg
diva,4,pos
doakan,2,pos
doang,-2,neg
doank,-3,neg
dodol,-4,neg
dogmatis,-3,neg
dominasi,-1,neg
dosa,-4,neg
drama,-2,neg
duh,-4,neg
dukung,3,pos
dukungan,4,pos
dungu,-4,neg
duniawi,-3,neg
dusta,-4,neg
egois,-3,neg
ekonomis,3,pos
eksentrik,-1,neg
eksis,1,pos
elegan,4,pos
eliminasi,-2,neg
emas,4,pos
emosi,-3,neg
emosional,-4,neg
enak,4,pos
eneg,-4,neg
enerjik,4,pos
enggan,-4,neg
epidemi,-3,neg
erosi,-3,neg
fanatik,-4,neg
fantastis,4,pos
fasis,-4,neg
firasat,-1,neg
fitnah,-4,neg
gagal,-5,neg
gagalnya,-3,neg
gagap,-2,neg
gaib,-1,neg
gairah,-1,neg
ganas,-3,neg
ganggu,-4,neg
gangguan,-4,neg
ganteng,4,pos
gedebuk,-2,neg
gejala,-2,neg
gejolak,-2,neg
gelandangan,-3,neg
gelap,-2,neg
gelisah,-4,neg
gemar,4,pos
gembira,4,pos
gembor,-4,neg
gemes,3,pos
gemetar,-3,neg
gemetaran,-3,neg
gempar,-3,neg
gencarnya,-2,neg
genting,-3,neg
gerah,-4,neg
geram,-4,neg
gerilya,3,pos
gerombolan,-3,neg
gesit,3,pos
getah,-2,neg
gila,5,pos
glamor,-4,neg
glori,3,pos
godaan,-3,neg
gosip,-4,neg
goyah,-3,neg
grogi,-3,neg
gugatan,-3,neg
gunanya,3,pos
gurun,-2,neg
hadiah,3,pos
haha,2,pos
halangan,-3,neg
halus,3,pos
hama,-4,neg
hambar,-3,neg
hancur,-4,neg
hangat,3,pos
hangus,-3,neg
haram,-5,neg
harapan,4,pos
harmoni,5,pos
harmonik,5,pos
harmonisasi,5,pos
harumkan,4,pos
hati-hati,4,pos
haus,-2,neg
hebat,3,pos
heboh,2,pos
hehe,1,pos
hero,4,pos
hey,2,pos
hikmat,3,pos
hiks,-3,neg
hilang,-3,neg
hina,-4,neg
hinaan,-4,neg
hiruk,-2,neg
histeria,-2,neg
histeris,-3,neg
hiu,-1,neg
hoho,-1,neg
homo,-2,neg
hore,4,pos
hormat,4,pos
hujat,-4,neg
humor,4,pos
ibadah,5,pos
iblis,-5,neg
idiot,-5,neg
idolaku,4,pos
ilegal,-4,neg
ilegalitas,-3,neg
imajinatif,4,pos
iman,5,pos
impersonal,3,pos
impian,4,pos
impulsif,-3,neg
imut,4,pos
indah,4,pos
indahnya,4,pos
inefisiensi,-4,neg
inflasi,-4,neg
ingus,-3,neg
inkonsisten,-4,neg
insentif,4,pos
inspirasiku,4,pos
inspirator,3,pos
intelek,4,pos
intoleran,-4,neg
intrusi,-4,neg
irasional,-4,neg
iri,-4,neg
ironi,-2,neg
ironis,-2,neg
jahat,-4,neg
jalang,-5,neg
jaminan,3,pos
jarang,-1,neg
jatuh,-3,neg
jauh,-2,neg
jeblok,-4,neg
jeda,-1,neg
jelas,4,pos
jelek,-4,neg
jengkel,-4,neg
jenis,1,pos
jera,-2,neg
jeritan,-2,neg
jijik,-4,neg
jinak,2,pos
jongos,-5,neg
jujur,4,pos
julukan,-2,neg
jurang,-3,neg
kabur,-4,neg
kacau,-4,neg
kacung,-4,neg
kagum,4,pos
kagumi,4,pos
kaku,-2,neg
kalah,-4,neg
kalap,-4,neg
kambuh,-3,neg
kampungan,-5,neg
kangen,4,pos
kanibal,-4,neg
kanker,-4,neg
kasar,-3,neg
kasihan,-1,neg
kawin,-3,neg
kaya,3,pos
keanehan,-2,neg
keangkuhan,-4,neg
kebahagiaan,3,pos
kebaikan,4,pos
kebajikan,4,pos
kebal,3,pos
kebangetan,-3,neg
kebanggaan,4,pos
kebanting,-3,neg
kebenaran,4,pos
kebencian,-4,neg
keberanian,4,pos
keberatan,-3,neg
keberhasilan,4,pos
kebersamaan,4,pos
kebingungan,-4,neg
kebisingan,-3,neg
kebo,-4,neg
kebocoran,-3,neg
kebodohan,-3,neg
kebuntuan,-3,neg
keburukan,-4,neg
kecaman,-4,neg
kecelakaan,-4,neg
kecewa,-3,neg
kecil,-1,neg
kecurigaan,-3,neg
kedengkian,-4,neg
kedok,-4,neg
kedutan,-1,neg
keengganan,-3,neg
kegagalan,-4,neg
kegelapan,-2,neg
kegelisahan,-4,neg
kegembiraan,4,pos
kegemukan,-4,neg
kegilaan,-4,neg
kegoyangan,-3,neg
kehancuran,-4,neg
kehilangan,-3,neg
kehinaan,-4,neg
keindahan,4,pos
kejahatan,-4,neg
kejam,-4,neg
kejang,-3,neg
kejatuhan,-2,neg
keji,-5,neg
kejujuran,4,pos
kejutan,3,pos
kek,-2,neg
kekacauan,-4,neg
kekakuan,-2,neg
kekanak-kanakan,-3,neg
kekasih,5,pos
kekayaan,3,pos
kekecewaan,-4,neg
kekejaman,-4,neg
kekeliruan,-3,neg
kekerasan,-3,neg
kekeringan,-4,neg
kekhawatiran,-3,neg
kekosongan,-2,neg
kekuatan,3,pos
kekurangan,-3,neg
kelalaian,-4,neg
kelambanan,-4,neg
kelangkaan,-2,neg
kelaparan,-4,neg
kelebihan,3,pos
keledai,-2,neg
kelelahan,-2,neg
kelemahan,-3,neg
keletihan,-1,neg
keliru,-3,neg
keluar,-3,neg
kelumpuhan,-4,neg
kemacetan,-4,neg
kemahalan,-4,neg
kemakmuran,5,pos
kemalangan,-4,neg
kemalasan,-4,neg
kemarahan,-4,neg
kematian,-3,neg
kembali,-1,neg
kemenangan,4,pos
kemerosotan,-4,neg
kemiskinan,-3,neg
kemudahan,3,pos
kemuliaan,4,pos
kemunafikan,-5,neg
kemunduran,-4,neg
kemurkaan,-4,neg
kenakalan,-4,neg
kencing,-3,neg
kendala,-4,neg
kenyamanan,4,pos
kepalsuan,-4,neg
keparahan,-4,neg
keparat,-5,neg
kepercayaan,4,pos
kepo,-3,neg
kepuasan,4,pos
kepura-puraan,-4,neg
kerahasiaan,-1,neg
keramahan,4,pos
keras,-3,neg
kere,-5,neg
keren,4,pos
keren-keren,4,pos
kerennya,4,pos
kerepotan,-3,neg
keributan,-3,neg
kerikil,-1,neg
kerinduan,3,pos
keriuhan,-2,neg
kerugian,-4,neg
keruh,-4,neg
kerumitan,-3,neg
kerusakan,-4,neg
kerusuhan,-4,neg
kerut,-2,neg
kesakitan,-2,neg
kesalahan,-3,neg
kesan,3,pos
kesanggupan,3,pos
kesannya,-3,neg
kesedihan,-2,neg
kesejukan,3,pos
keseleo,-2,neg
kesembronoan,-3,neg
keserakahan,-5,neg
keseriusan,4,pos
keseruan,3,pos
kesetiaan,4,pos
kesia-siaan,-4,neg
kesiapan,3,pos
kesombongan,-5,neg
kesukaan,3,pos
kesukaran,-3,neg
kesuksesan,4,pos
kesulitan,-3,neg
kesuraman,-3,neg
kesusahan,-4,neg
ketakutan,-4,neg
ketangguhan,4,pos
ketat,-2,neg
ketegangan,-3,neg
ketenaran,2,pos
keterbatasan,-3,neg
keterbelakangan,-4,neg
keterbukaan,4,pos
keterlaluan,-3,neg
keterlibatan,-2,neg
ketidakbenaran,-4,neg
ketidakjujuran,-4,neg
ketidakjujuranmu,-4,neg
ketidakmampuan,-3,neg
ketidaknyamanan,-3,neg
ketidakpedulian,-4,neg
ketidakpercayaan,-4,neg
ketidakpuasan,-3,neg
ketidaksamaan,-2,neg
ketidaksenangan,-3,neg
ketidakstabilan,-4,neg
ketidaktaatan,-4,neg
ketidaktelitian,-4,neg
ketidaktepatan,-4,neg
ketidaktertarikan,-3,neg
keunggulan,4,pos
kewajiban,2,pos
kezaliman,-4,neg
khas,4,pos
khusus,-1,neg
khusyuk,4,pos
kikir,-4,neg
kikuk,-2,neg
klik,1,pos
kloningan,-2,neg
knalpot,-1,neg
koar,-4,neg
koar-koar,-4,neg
kocok,-1,neg
kok,-2,neg
kokoh,4,pos
kolusi,-4,neg
kombatan,-3,neg
komedi,4,pos
komit,4,pos
kompak,3,pos
kompatible,4,pos
komplikasi,-4,neg
konflik,-4,neg
konsisten,4,pos
konspirasi,-4,neg
konspirator,-4,neg
konsumtif,-4,neg
kontaminan,-3,neg
kontroversi,-4,neg
konyol,-4,neg
korban,-3,neg
korosi,-2,neg
korosif,-2,neg
korup,-4,neg
korupsi,-4,neg
kotor,-3,neg
kotoran,-4,neg
kram,-2,neg
kreatif,4,pos
kresek,-1,neg
krisis,-3,neg
kritik,-1,neg
kritikan,-2,neg
kritikus,-1,neg
kritis,4,pos
kronis,-4,neg
kuat,4,pos
kuburan,-2,neg
kukira,-3,neg
kuman,-3,neg
kuno,-1,neg
kurang,-2,neg
kurangi,-1,neg
kurungan,-3,neg
kurus,-3,neg
kusam,-3,neg
kutukan,-4,neg
kuyu,-3,neg
kw,-4,neg
laba,3,pos
labil,-4,neg
laku,3,pos
lalai,-3,neg
lama,-2,neg
lamban,-2,neg
lambat,-3,neg
lampiran,1,pos
langka,4,pos
laporkan,-2,neg
lawan,-2,neg
layak,4,pos
layu,-3,neg
ledakan,-3,neg
lega,4,pos
lelah,-2,neg
lelucon,-2,neg
lemah,-3,neg
lemak,-3,neg
lemas,-3,neg
lembut,4,pos
lendir,-3,neg
lenyap,-3,neg
letih,-2,neg
lezat,4,pos
liar,-3,neg
licik,-4,neg
likuidasi,-1,neg
limbah,-4,neg
linglung,-4,neg
lintas,-1,neg
lipsync,-4,neg
logis,4,pos
lokalan,-2,neg
lucu,4,pos
luka,-3,neg
lumayan,2,pos
lumpuh,-3,neg
lumrah,-2,neg
lusuh,-3,neg
mabuk,-5,neg
mahal,-3,neg
maju,4,pos
maki-maki,-4,neg
makmur,4,pos
maksa,-4,neg
malaikat,4,pos
malang,-3,neg
malapetaka,-4,neg
malas,-4,neg
malu,-3,neg
malu-maluin,-4,neg
mampu,4,pos
mana,-4,neg
manfaat,4,pos
mangkal,-3,neg
maniak,-4,neg
manipulasi,-3,neg
manis,4,pos
manisnya,4,pos
manja,-2,neg
mantab,4,pos
mantap,4,pos
manusiawi,3,pos
marah,-4,neg
marjinal,-3,neg
martir,-3,neg
masalah,-4,neg
masochis,-3,neg
mati,-3,neg
megah,1,pos
melalaikan,-3,neg
melanda,-3,neg
melanggar,-4,neg
melankolis,-2,neg
melarang,-3,neg
melawan,1,pos
melecehkan,-4,neg
meledak,-4,neg
melelahkan,-3,neg
melemahkan,-3,neg
melempem,-3,neg
melengking,-1,neg
melengserkan,-4,neg
melenyapkan,-4,neg
melepaskan,-1,neg
melepuh,-2,neg
meleset,-3,neg
melet,-4,neg
melibatkan,-1,neg
melikuidasi,-2,neg
melilit,-3,neg
melimpah,3,pos
melimpahi,2,pos
melodramatis,-3,neg
melucu,2,pos
melucuti,-2,neg
melukai,-4,neg
melulu,-3,neg
melumpuhkan,-4,neg
melumuri,-1,neg
meluncur,1,pos
memaafkan,4,pos
memabukkan,-4,neg
memadai,3,pos
memadamkan,3,pos
memainkan,3,pos
memaksa,-4,neg
memaksakan,-4,neg
memalukan,-4,neg
memanjakan,-3,neg
memar,-3,neg
memarahi,-4,neg
memasang,1,pos
mematikan,-2,neg
membahayakan,-4,neg
membajak,-3,neg
membakar,-4,neg
membalas,-2,neg
membanding-bandingkan,-3,neg
membandingkan,-3,neg
membandingkannya,-3,neg
membanggakan,4,pos
membanjiri,-3,neg
membantah,-3,neg
membanting,-3,neg
membantu,4,pos
membasmi,-3,neg
membatalkan,-3,neg
membatasi,-3,neg
membenci,-4,neg
membengkokkan,-3,neg
membentak,-4,neg
memberhentikan,-2,neg
memberikan,3,pos
memberkati,3,pos
membingungkan,-3,neg
membisingkan,-3,neg
membongkar,-2,neg
membosankan,-3,neg
membual,-4,neg
membuang,-3,neg
membuktikan,2,pos
membully,-4,neg
membunuh,-4,neg
membusuk,-4,neg
membutuhkan,2,pos
memecah,-4,neg
memecahkan,-2,neg
memek,-4,neg
memekik,-2,neg
memeluk,4,pos
memenangkan,4,pos
memenjarakan,-4,neg
memfitnah,-4,neg
memikat,4,pos
meminta-minta,-4,neg
memisahkan,-3,neg
memohon,-2,neg
memperbudak,-4,neg
memperingati,4,pos
memperingatkan,3,pos
memperkosa,-5,neg
memperkuat,4,pos
memperlambat,-3,neg
mempermalukan,-4,neg
mempermasalahkan,-3,neg
mempersulit,-4,neg
mempopulerkan,3,pos
memprovokasi,-4,neg
memuaskan,3,pos
memudar,-3,neg
memuja,-2,neg
memukau,4,pos
memukul,-4,neg
memuliakan,3,pos
memuntahkan,-3,neg
memusnahkan,-4,neg
memutuskan,-2,neg
menafikan,-3,neg
menahan,2,pos
menajiskan,-3,neg
menakjubkan,4,pos
menaklukkan,-2,neg
menakut-nakuti,-4,neg
menakuti,-3,neg
menakutkan,-4,neg
menampar,-4,neg
menang,4,pos
menangguhkan,-2,neg
menangis,-3,neg
menangkal,2,pos
menangkap,2,pos
menantang,-3,neg
menarik,1,pos
mencabut,-2,neg
mencaci,-4,neg
mencampuri,-3,neg
mencapai,3,pos
mencatut,-3,neg
mencekek,-4,neg
mencekik,-4,neg
mencela,-4,neg
mencemari,-4,neg
mencemarkan,-4,neg
mencemooh,-4,neg
mencibir,-5,neg
mencintai,5,pos
mencium,3,pos
mencolok,-2,neg
mencubit,-3,neg
menculik,-4,neg
mencuri,-4,neg
mendambakan,3,pos
mendengkur,-2,neg
mendera,-2,neg
menderita,-4,neg
mendikte,-3,neg
mendiskreditkan,-3,neg
mendistorsi,-3,neg
mendominasi,-2,neg
mendorong,3,pos
menduga,-2,neg
mendukung,4,pos
mendunia,5,pos
mendustakan,-4,neg
menegakkan,4,pos
menegang,-2,neg
meneguk,-1,neg
menegur,2,pos
menekan,-3,neg
menelan,-1,neg
meneliti,3,pos
menembak,-1,neg
menentang,-3,neg
menentramkan,4,pos
menertawakan,-2,neg
menetap,1,pos
menetralisir,4,pos
mengabaikan,-3,neg
mengacaukan,-4,neg
mengagetkan,-3,neg
mengagumkan,4,pos
mengajak,4,pos
mengalah,4,pos
mengalahkan,1,pos
mengalihkan,-3,neg
mengalir,4,pos
mengamputasi,-3,neg
mengamuk,-4,neg
mengancam,-4,neg
menganggur,-4,neg
menganiaya,-4,neg
mengasihimu,4,pos
mengatai,-4,neg
mengawur,-4,neg
mengayunkan,-1,neg
mengecam,-3,neg
mengecewakan,-4,neg
mengecualikan,-3,neg
mengejar,-1,neg
mengejek,-4,neg
mengejutkan,-1,neg
mengeksekusi,-1,neg
mengekspos,-1,neg
mengelabui,-4,neg
mengeluh,-4,neg
mengemis,-4,neg
mengenakan,3,pos
mengepung,-1,neg
mengerang,-1,neg
mengerikan,-4,neg
mengeruk,-3,neg
mengerut,-2,neg
menggagalkan,-1,neg
menggairahkan,1,pos
menggambarkan,1,pos
mengganggu,-3,neg
menggantung,-3,neg
menggelapkan,-4,neg
menggelegar,4,pos
menggelepar,-3,neg
menggeliat,-2,neg
menggelikan,-2,neg
menggemari,-3,neg
menggemaskan,3,pos
menggembirakan,4,pos
menggemparkan,-2,neg
menggenangi,-2,neg
menggeram,-2,neg
menggerutu,-3,neg
menggigil,-2,neg
menggila,-3,neg
menggoda,-3,neg
menggulingkan,-3,neg
menggumpalkan,-1,neg
mengguncang,-2,neg
menggusur,-3,neg
menghadapi,1,pos
menghakimi,-4,neg
menghalangi,-2,neg
menghalau,-2,neg
menghambat,-3,neg
menghambur-hamburkan,-4,neg
menghancurkan,-4,neg
menghantam,-4,neg
menghantui,-3,neg
menghapuskan,-4,neg
menghargai,5,pos
mengharukan,3,pos
menghiasi,4,pos
menghibur,4,pos
menghidupkan,4,pos
menghilangkan,-3,neg
menghina,-4,neg
menghindari,-1,neg
menghisap,-2,neg
menghormati,4,pos
menghujat,-5,neg
menghukum,-2,neg
mengigil,-2,neg
mengikis,-1,neg
mengilhami,4,pos
menginfeksi,-3,neg
mengingini,-1,neg
mengingkari,-3,neg
menginjak-injak,-4,neg
menginspirasi,5,pos
mengintai,-3,neg
menginvasi,-4,neg
mengkhianati,-4,neg
mengobarkan,-1,neg
mengobati,4,pos
mengoceh,-3,neg
mengolok-olok,-3,neg
mengomeli,-3,neg
mengotori,-4,neg
mengoyakkan,-3,neg
menguap,-1,neg
mengubur,-1,neg
mengucilkan,-4,neg
mengulur-ulur,-3,neg
mengundi,-2,neg
menguntungkan,4,pos
mengurangi,-2,neg
menguras,-2,neg
mengurungkan,-1,neg
mengusir,-4,neg
mengusut,3,pos
mengutuk,-4,neg
menikmati,4,pos
menilai,1,pos
menimbulkan,1,pos
menimbun,-3,neg
menindas,-4,neg
meningkatkan,3,pos
menipu,-5,neg
menisik,-1,neg
menjatuhkan,-3,neg
menjejalkan,-2,neg
menjemukan,-3,neg
menjengkelkan,-3,neg
menjerat,-3,neg
menjerit,-3,neg
menjijikkan,-4,neg
menolak,-2,neg
menonaktifkan,-1,neg
menuding,-4,neg
menuduh,-4,neg
menular,-2,neg
menumbangkan,-2,neg
menunangkan,1,pos
menunggu,-2,neg
menuntut,-3,neg
menurun,-2,neg
menurunkan,-1,neg
menusuk,-4,neg
menutupi,-1,neg
menyakitkan,-3,neg
menyalahgunakan,-4,neg
menyalahkan,-4,neg
menyalak,-4,neg
menyamarkan,-3,neg
menyambut,3,pos
menyangkal,-3,neg
menyayangkan,1,pos
menyebalkan,-4,neg
menyedihkan,-3,neg
menyedot,-1,neg
menyegarkan,3,pos
menyelinap,-3,neg
menyelundupkan,-4,neg
menyembunyikan,-2,neg
menyemburkan,-1,neg
menyenangkan,4,pos
menyendiri,-1,neg
menyensor,2,pos
menyerah,-4,neg
menyeramkan,-4,neg
menyerang,-3,neg
menyerap,1,pos
menyerbu,-3,neg
menyeret,-4,neg
menyeringai,-2,neg
menyesal,-4,neg
menyesatkan,-5,neg
menyiksa,-4,neg
menyimpang,-4,neg
menyinggung,-2,neg
menyingkirkan,-3,neg
menyita,-3,neg
menyobek,-2,neg
menyogok,-4,neg
menyuap,-4,neg
menyukai,4,pos
menyumbat,-2,neg
menyusahkan,-4,neg
menyusup,-3,neg
meragukan,-2,neg
merajalela,-2,neg
merampok,-4,neg
merana,-4,neg
merangkak,-2,neg
merangsang,-1,neg
merata,2,pos
meratap,-2,neg
merawat,4,pos
merayakan,4,pos
merebut,-2,neg
mereda,3,pos
meremehkan,-3,neg
merendahkan,-4,neg
merengek,-3,neg
merenung,2,pos
meresahkan,-3,neg
merevitalisasi,4,pos
meriah,3,pos
meriam,-1,neg
merinding,-1,neg
meringankan,3,pos
meringis,-2,neg
merisaukan,-2,neg
merobek,-3,neg
merosot,-3,neg
merugikan,-4,neg
merundung,-3,neg
merusak,-4,neg
meskipun,-1,neg
mesra,3,pos
mesum,-4,neg
mimpi,3,pos
minim,-3,neg
miring,-1,neg
mirip,1,pos
miris,-4,neg
miskin,-3,neg
mohon,1,pos
monoton,-2,neg
montok,-2,neg
moral,4,pos
muah,3,pos
muak,-5,neg
muda,4,pos
mudah,3,pos
mudah-mudahan,1,pos
mulia,4,pos
multitalenta,5,pos
munafik,-5,neg
mundur,-3,neg
muntah,-3,neg
murah,2,pos
murahan,-4,neg
muram,-2,neg
murka,-4,neg
murni,4,pos
murung,-3,neg
musuh,-4,neg
naif,-3,neg
naik,3,pos
nakal,-3,neg
nangis,-2,neg
nasib,-1,neg
naudzubillah,-5,neg
negatif,-1,neg
nekat,-2,neg
neraka,-4,neg
ngaku-ngaku,-4,neg
ngeles,-4,neg
ngeri,-4,neg
ngobrol,3,pos
ngomel,-4,neg
nikmat,4,pos
nilai,3,pos
nol,-4,neg
nomor,-1,neg
nonsens,-3,neg
norak,-5,neg
normal,-1,neg
numpang,-3,neg
nyai,-4,neg
nyaman,4,pos
nyampah,-4,neg
nyenyak,3,pos
nyepam,-4,neg
nyeri,-2,neg
nyerocos,-4,neg
nyindir,-3,neg
nyinyir,-4,neg
nyungsep,-5,neg
oh,-1,neg
ok,1,pos
okay,1,pos
oke,3,pos
om-om,-4,neg
omg,-2,neg
omongan,-2,neg
omongkosong,-4,neg
openminded,4,pos
oposisi,-1,neg
optimal,4,pos
optimis,5,pos
optimisme,5,pos
otentik,4,pos
otokrasi,-1,neg
otokrat,-2,neg
padat,1,pos
pahala,4,pos
pahit,-2,neg
pajak,-3,neg
paksa,-4,neg
paksaan,-4,neg
palsu,-4,neg
pamer,-4,neg
pangsit,-1,neg
panik,-3,neg
panjang,1,pos
pantas,3,pos
pantura,-4,neg
panutan,4,pos
parah,-5,neg
paranoid,-4,neg
parasit,-4,neg
parau,-3,neg
partisi,-1,neg
party,1,pos
parut,-1,neg
pasangan,4,pos
patut,4,pos
pecah,-2,neg
pecandu,-4,neg
pecundang,-4,neg
peduli,4,pos
pelacur,-4,neg
pelaku,-2,neg
pelakunya,-2,neg
pelanggaran,-3,neg
pelarian,-3,neg
pelecehan,-4,neg
peledak,-4,neg
pelit,-4,neg
pelonggaran,-2,neg
pelosok,-4,neg
peluk,3,pos
pelukan,4,pos
peluru,-3,neg
pemalas,-4,neg
pemalu,-2,neg
pembajakan,-3,neg
pembalasan,-4,neg
pembangkang,-4,neg
pembangkangan,-4,neg
pembantaian,-4,neg
pembatalan,-3,neg
pemberang,-4,neg
pemberontak,-4,neg
pemberontakan,-4,neg
pembesar,-2,neg
pembohong,-4,neg
pembuangan,-3,neg
pembubaran,-3,neg
pembunuh,-5,neg
pembunuhan,-5,neg
pemburu,-1,neg
pembusukan,-4,neg
pemeliharaan,4,pos
pemenang,4,pos
pemerasan,-4,neg
pemerkosa,-5,neg
pemisahan,-1,neg
pemogokan,-3,neg
pemukulan,-4,neg
pemula,-1,neg
pemuliaan,3,pos
pemusnahan,-3,neg
penanggung,-1,neg
penawaran,-1,neg
pencabutan,-2,neg
pencemooh,-4,neg
pencinta,4,pos
pencuri,-4,neg
pencurian,-4,neg
pendek,-4,neg
penderita,-3,neg
penderitaan,-4,neg
pendiri,3,pos
pendukung,3,pos
pendusta,-4,neg
penebus,3,pos
penetralan,3,pos
pengacau,-4,neg
pengangguran,-4,neg
penganiayaan,-4,neg
pengap,-3,neg
pengasingan,-3,neg
pengawasan,-2,neg
pengecualian,-1,neg
pengecut,-4,neg
pengembara,2,pos
pengemis,-4,neg
pengepungan,-3,neg
penggantian,-1,neg
penggelapan,-4,neg
penggugat,-3,neg
penghalang,-3,neg
penghargaan,4,pos
penghidupan,4,pos
penghinaan,-4,neg
pengisap,-2,neg
pengkhianat,-4,neg
pengkhianatan,-4,neg
pengotor,-3,neg
pengunduran,-3,neg
pengungsi,-2,neg
penindasan,-4,neg
penipu,-5,neg
penipuan,-4,neg
penjahat,-4,neg
penjara,-4,neg
penolakan,-4,neg
pensiun,-1,neg
penting,3,pos
penuh,3,pos
penyakit,-4,neg
penyalahgunaan,-4,neg
penyembah,-1,neg
penyerangan,-4,neg
penyesalan,2,pos
penyihir,-4,neg
penyiksaan,-4,neg
penyitaan,-4,neg
penyok,-4,neg
penyusutan,-3,neg
peperangan,-4,neg
perampok,-4,neg
perang,-4,neg
perangkap,-4,neg
perbesaran,-1,neg
perbudakan,-4,neg
percaya,4,pos
perceraian,-4,neg
percuma,-4,neg
perdamaian,5,pos
perfeksionis,-2,neg
pergolakan,-3,neg
perhatian,3,pos
perih,-4,neg
perintah,-2,neg
perjuangan,4,pos
perkara,-2,neg
perkelahian,-4,neg
perkosaan,-4,neg
permusuhan,-4,neg
persaingan,-2,neg
perselisihan,-4,neg
perseteruan,-4,neg
pertempuran,-3,neg
pertengkaran,-4,neg
pertunangan,4,pos
perubahan,4,pos
perusak,-4,neg
perzinahan,-5,neg
pesat,3,pos
pesimis,-4,neg
pesona,4,pos
petcah,5,pos
picik,-4,neg
pidana,-3,neg
pikun,-3,neg
pincang,-3,neg
pingsan,-2,neg
pintar,4,pos
pionir,3,pos
pisau,-1,neg
popularitas,-1,neg
populer,4,pos
positif,4,pos
potong,-1,neg
prahara,-4,neg
prestasi,2,pos
produktif,4,pos
propaganda,-3,neg
proporsional,4,pos
protes,-2,neg
provokasi,-4,neg
puas,3,pos
pujian,4,pos
pukulan,-4,neg
punah,-4,neg
pura-pura,-4,neg
pusing,-3,neg
racun,-4,neg
radang,-3,neg
radian,-1,neg
radikal,-4,neg
ragu-ragu,-3,neg
rahasia,-1,neg
rahmat,4,pos
rakasa,-2,neg
ramah,4,pos
rapi,4,pos
rapuh,-4,neg
rasis,-4,neg
ratapan,-4,neg
reaktif,-2,neg
redup,-2,neg
regangan,-1,neg
remeh,-3,neg
rendah,-2,neg
rengekan,-3,neg
rentan,-3,neg
repot,-2,neg
repot-repot,-2,neg
reruntuhan,-2,neg
resah,-2,neg
resmi,4,pos
revolusi,3,pos
rewel,-2,neg
riang,4,pos
rindu,4,pos
risiko,-3,neg
riuh,-3,neg
robek,-4,neg
roboh,-4,neg
romantis,4,pos
ruam,-3,neg
rugi,-4,neg
rumit,-3,neg
rumor,-3,neg
runtuh,-3,neg
rusak,-4,neg
rusuh,-4,neg
sabar,4,pos
sabotase,-4,neg
saham,3,pos
saingan,-2,neg
sakit,-4,neg
sakit-sakitan,-5,neg
salah,-4,neg
salut,4,pos
samar,-2,neg
samar-samar,-2,neg
sampah,-4,neg
santai,3,pos
saraf,1,pos
sayang,4,pos
sayangnya,-2,neg
sebaiknya,-2,neg
sebaliknya,-1,neg
sebenarnya,3,pos
sebodoh,-4,neg
sederhana,4,pos
sedih,-3,neg
sedu-sedan,-4,neg
seenaknya,-4,neg
sehat,4,pos
sehebat,4,pos
sejujurnya,3,pos
sekarat,-4,neg
sekeren,4,pos
sekilas,-1,neg
seksi,1,pos
selamat,4,pos
semangat,4,pos
sembrono,-4,neg
sementara,-1,neg
sempurna,5,pos
senang,4,pos
sendirian,-2,neg
sengatan,-2,neg
sengit,-3,neg
sengketa,-4,neg
senjata,-3,neg
sensasi,-2,neg
sensitif,-2,neg
sentimental,-2,neg
senyum,4,pos
sepele,-3,neg
seperti,1,pos
sepintas,-2,neg
seram,-4,neg
serampangan,-3,neg
serangan,-4,neg
serasi,4,pos
serem,-4,neg
seringai,-2,neg
serius,4,pos
seru,4,pos
sesat,-4,neg
sesuai,3,pos
sesumbar,-4,neg
setan,-4,neg
setia,5,pos
setuju,4,pos
sewenang-wenang,-4,neg
sexy,3,pos
sia-sia,-4,neg
sialan,-5,neg
siap,4,pos
sibuk,1,pos
sigap,4,pos
sihir,-4,neg
sikap,1,pos
siksaan,-4,neg
silakan,3,pos
silau,-2,neg
siluman,-2,neg
simpan,1,pos
simpati,4,pos
sindir,-4,neg
singkat,1,pos
sinis,-4,neg
sinting,-4,neg
sipit,-4,neg
sirik,-4,neg
skandal,-4,neg
skors,-3,neg
sok,-4,neg
sombong,-4,neg
sopan,4,pos
spam,-4,neg
spektakuler,4,pos
spesial,3,pos
stabil,4,pos
statis,-2,neg
stres,-3,neg
stress,-4,neg
suka,4,pos
sukacita,5,pos
sukai,3,pos
sukses,4,pos
sulit,-2,neg
sumbang,-2,neg
sumpah,2,pos
sunyi,-1,neg
supel,4,pos
super,4,pos
suram,-4,neg
surga,5,pos
surut,-3,neg
susah,-3,neg
suspensi,1,pos
syirik,-4,neg
syok,-3,neg
taat,4,pos
tabrakan,-2,neg
tabu,-4,neg
tai,-5,neg
takhayul,-4,neg
takut,-3,neg
tandus,-5,neg
tangguh,5,pos
tanggungjawab,4,pos
tantangan,4,pos
tarif,-2,neg
tawanan,-3,neg
tawaran,3,pos
tawuran,-4,neg
teduh,4,pos
tega,-4,neg
tegang,-2,neg
tegas,4,pos
teguh,4,pos
tekanan,-2,neg
telat,-3,neg
tembakan,-3,neg
tempa,3,pos
tempur,-3,neg
tenang,4,pos
tenggang,1,pos
tenggelam,-3,neg
tengik,-5,neg
tentu,1,pos
teramati,2,pos
terampil,4,pos
terang-benderang,4,pos
terang-terangan,4,pos
terasing,-4,neg
teratur,4,pos
terbahak-bahak,-3,neg
terbaik,4,pos
terbalik,-2,neg
terbata-bata,-2,neg
terbelah,-2,neg
terbiasa,-1,neg
terburuk,-4,neg
tercekik,-3,neg
tercela,-4,neg
tercerah,5,pos
tercinta,5,pos
terdakwa,-4,neg
terdepresiasi,-4,neg
terfavorit,4,pos
tergantung,-1,neg
terhadap,-1,neg
terhenti,-2,neg
terhormat,4,pos
teriak,-2,neg
terindah,4,pos
terisak,-2,neg
terisak-isak,-2,neg
terjaga,2,pos
terjamin,3,pos
terjawab,4,pos
terkatakan,-1,neg
terkekek-kekek,-2,neg
terkenal,4,pos
terkendali,4,pos
terkesan,4,pos
terkubur,-2,neg
terkulai,-2,neg
terkutuk,-5,neg
terlambat,-4,neg
terlatih,4,pos
terlepas,-3,neg
terletak,1,pos
terlihat,1,pos
terlindungi,4,pos
termotivasi,3,pos
ternilai,3,pos
terobsesi,-2,neg
teror,-4,neg
teroris,-4,neg
terpaku,-2,neg
terpencil,-2,neg
terperanjat,-2,neg
tersedak,-2,neg
tersedu-sedu,-3,neg
terselubung,-2,neg
tersembuhkan,3,pos
tersentak,-2,neg
tersenyum,4,pos
terserah,-3,neg
terserang,-3,neg
tertahankan,-1,neg
tertarik,4,pos
tertawa,4,pos
tertegun,-1,neg
tertekan,-4,neg
tertunduk,-1,neg
tertutup,-4,neg
tiba-tiba,-1,neg
tinggi,2,pos
tinju,-1,neg
tipis,-1,neg
tipu,-4,neg
tipuan,-4,neg
toleran,4,pos
toleransi,4,pos
tolol,-5,neg
tombak,-1,neg
top,4,pos
totalitas,4,pos
tragedi,-4,neg
tragis,-4,neg
trauma,-4,neg
tua,-4,neg
tuduhan,-4,neg
tuh,-2,neg
tuli,-2,neg
tulus,5,pos
tumpahan,-3,neg
tumpul,-2,neg
tunduk,-2,neg
tunggakan,-2,neg
turun,-4,neg
tusukan,-2,neg
udik,-5,neg
ultimatum,-1,neg
umpan,-2,neg
unggul,4,pos
unik,5,pos
usang,-4,neg
usil,-3,neg
usir,-4,neg
valid,4,pos
vulgar,-4,neg
wabah,-4,neg
waduh,-3,neg
wah,4,pos
wajar,3,pos
wakil,3,pos
waktunya,1,pos
waria,-4,neg
waspada,4,pos
waspadalah,3,pos
wow,4,pos
wtf,-4,neg
yatim,-1,neg
yeah,3,pos
zina,-5,neg
